Publication type,Year,Authors,CiteScore,CiteScorePercentile,Views,OpenAccess,Affiliations,Prominence,Citations,FWCI
Conference Paper,2016,4,17.4,1,2838,0,1,99.998,65928,2208.72
Conference Paper,2016,4,17.4,1,777,1,3,99.998,13827,467.97
Conference Paper,2016,5,17.4,1,443,1,2,99.998,10655,358
Conference Paper,2016,7,1.6,40,388,1,4,99.998,10349,792.96
Conference Paper,2016,2,,,559,1,1,98.979,9752,384.13
Conference Paper,2016,22,,,334,0,1,99.998,9175,775.74
Article,2016,4,22,1,450,1,2,99.622,4200,212.35
Conference Paper,2016,2,,,154,1,1,98.725,4170,237.87
Article,2016,2,4.8,7,579,0,2,99.796,4079,162.74
Conference Paper,2016,9,17.4,1,151,1,4,99.998,3875,151.64
Book,2016,4,,,1344,0,3,89.83,3835,139.85
Article,2016,53,4.7,5,564,1,53,74.633,3767,224.49
Conference Paper,2016,3,,,547,0,1,99.998,3709,154.95
Conference Paper,2016,3,17.4,1,143,1,2,99.622,3466,145.43
Conference Paper,2016,3,1.6,40,122,1,1,99.622,3399,273.58
Conference Paper,2016,4,1.6,40,93,1,1,99.998,3397,289.51
Conference Paper,2016,5,17.4,1,119,1,2,99.998,3370,105.34
Article,2016,1,8.7,1,90,1,1,22.784,3286,281.4
Conference Paper,2016,3,,,199,1,2,99.998,3277,160.4
Article,2016,5,8,6,848,0,1,99.956,3222,136.91
Conference Paper,2016,6,,,295,0,1,99.707,3052,314.7
Conference Paper,2016,4,,,173,0,2,99.998,3017,296.56
Article,2016,9,8.2,5,938,1,3,99.998,2757,120.97
Conference Paper,2016,8,17.4,1,79,1,1,99.622,2608,91.87
Conference Paper,2016,6,,,106,1,2,99.916,2580,173.89
Conference Paper,2016,3,,,176,0,1,95.696,2526,168.89
Article,2016,8,5,6,250,0,3,99.552,2418,92.46
Article,2016,4,5.3,6,139,1,2,98.611,2360,105.3
Conference Paper,2016,3,17.4,1,138,0,5,99.903,2272,99.23
Conference Paper,2016,5,17.4,1,85,1,1,99.998,2222,94.81
Conference Paper,2016,5,1.6,40,151,1,7,99.998,2171,160.81
Article,2016,10,4.7,5,134,1,5,99.505,2163,116.94
Review,2016,2,3.5,14,3126,1,1,99.98,2013,45.89
Article,2016,3,3.7,10,303,1,3,98.952,1979,81.37
Short Survey,2016,2,9.2,3,516,0,2,99.808,1950,26.18
Conference Paper,2016,2,,,30,0,2,99.998,1890,158.82
Article,2016,3,17.7,1,233,1,1,99.883,1887,91.46
Conference Paper,2016,3,1.6,40,48,1,1,99.33,1865,146.81
Conference Paper,2016,3,,,228,0,1,99.409,1859,132.42
Article,2016,3,10.8,1,25,1,3,40.426,1852,41.09
Conference Paper,2016,3,,,86,0,2,99.998,1851,145.85
Conference Paper,2016,5,,,71,0,1,98.502,1825,112.6
Article,2016,1,8.2,6,226,0,2,99.796,1803,42.54
Conference Paper,2016,4,1.6,40,89,0,3,99.733,1711,168.3
Conference Paper,2016,5,1.6,40,101,1,1,99.722,1701,139.81
Conference Paper,2016,6,,,111,0,3,99.707,1673,173.13
Conference Paper,2016,3,17.4,1,109,1,2,99.629,1631,82.29
Conference Paper,2016,4,1.6,40,64,1,2,99.998,1618,164.19
Conference Paper,2016,3,17.4,1,49,1,1,99.998,1597,51.56
Conference Paper,2016,2,17.4,1,103,1,1,99.722,1592,84.5
Conference Paper,2016,3,17.4,1,51,1,2,99.622,1555,64.09
Review,2016,5,14,2,301,1,8,95.681,1550,25.14
Conference Paper,2016,4,17.4,1,75,1,1,99.33,1545,82.08
Article,2016,4,6.5,9,145,1,5,99.956,1543,68.8
Conference Paper,2016,5,,,141,1,2,99.294,1502,98.47
Conference Paper,2016,6,,,159,1,4,98.437,1494,143.76
Article,2016,8,8.9,4,417,1,10,98.358,1488,61.46
Article,2016,3,4.6,21,482,1,1,99.552,1466,47.23
Article,2016,16,9.6,3,113,0,3,98.006,1465,61.07
Article,2016,7,8.2,5,506,1,4,99.998,1448,68.69
Article,2016,3,5.4,6,1606,0,4,99.692,1441,84.97
Conference Paper,2016,3,,,73,0,3,99.998,1408,116.32
Book,2016,2,,,222,0,2,96.756,1407,56.71
Article,2016,4,10.8,1,27,1,15,99.262,1381,38.33
Conference Paper,2016,3,,,92,0,2,98.725,1381,84.19
Article,2016,4,22,1,325,0,2,99.998,1378,80.23
Review,2016,5,9.2,3,242,1,5,99.79,1373,28.65
Conference Paper,2016,4,,,31,1,1,99.581,1364,88.99
Conference Paper,2016,2,17.4,1,92,0,2,91.431,1363,47.78
Article,2016,4,10.8,3,1131,0,2,99.911,1349,86.89
Conference Paper,2016,5,17.4,1,42,1,1,99.722,1345,69.87
Review,2016,2,8,6,593,0,2,99.956,1343,36.84
Conference Paper,2016,3,1.6,40,60,1,1,99.622,1336,107.69
Review,2016,4,16.3,1,205,1,3,91.048,1326,28.38
Article,2016,4,8.2,5,532,0,2,99.031,1289,59.06
Conference Paper,2016,7,,,110,1,2,99.998,1277,148.64
Article,2016,4,5.4,15,94,0,8,99.922,1267,44.35
Conference Paper,2016,14,,,30,0,5,81.489,1251,125.22
Article,2016,5,10.2,3,68,1,2,99.16,1249,43.03
Article,2016,1,5.2,21,211,0,2,99.796,1237,37.92
Article,2016,14,7.7,4,282,0,5,95.53,1233,106.61
Conference Paper,2016,3,17.4,1,37,1,2,99.998,1211,53.88
Book,2016,1,,,627,0,1,99.122,1186,117.04
Article,2016,2,4.1,18,416,1,1,99.468,1179,56.05
Review,2016,4,5,6,214,0,1,98.151,1177,34.48
Conference Paper,2016,6,17.4,1,148,1,1,98.578,1160,43.25
Conference Paper,2016,7,1.6,40,73,1,4,99.629,1150,108.66
Conference Paper,2016,8,,,94,0,1,99.409,1147,68.24
Article,2016,3,6.6,3,307,0,2,98.242,1136,69.67
Conference Paper,2016,5,,,819,0,2,99.98,1122,136.4
Article,2016,4,10.8,1,30,1,6,98.595,1112,50.47
Conference Paper,2016,7,6,12,176,1,2,99.071,1105,60.49
Article,2016,6,4.9,17,762,0,3,99.998,1103,38.01
Article,2016,17,9.6,3,122,1,12,98.667,1096,38.35
Review,2016,4,5.4,14,356,1,3,99.958,1092,13.36
Conference Paper,2016,7,17.4,1,31,1,2,96.986,1092,48.83
Conference Paper,2016,4,3.5,25,68,0,2,99.294,1082,110.5
Article,2016,5,7.2,2,773,0,2,99.925,1081,56.47
Conference Paper,2016,4,,,47,1,3,95.951,1073,82.21
Conference Paper,2016,16,1.4,65,134,1,1,99.902,1071,60.9
Conference Paper,2016,3,,,190,1,1,99.902,1068,118.33
Conference Paper,2016,5,,,148,1,3,98.437,1063,105.92
Conference Paper,2016,4,17.4,1,78,1,2,98.855,1061,42.2
Conference Paper,2016,4,1.6,40,26,1,1,99.722,1049,112.04
Conference Paper,2016,7,,,54,0,1,99.916,1028,43.48
Article,2016,2,4,7,996,1,1,98.964,1023,67.99
Conference Paper,2016,4,,,750,0,1,99.98,1019,109.49
Article,2016,3,5.2,21,182,0,4,99.796,1015,26.73
Conference Paper,2016,5,17.4,1,32,1,2,99.74,996,50.09
Article,2016,1,5.6,4,232,0,1,99.796,993,34.93
Conference Paper,2016,2,,,19,1,2,99.998,989,33.62
Conference Paper,2016,5,,,56,1,4,98.402,985,70.64
Article,2016,3,8.6,1,354,0,2,98.756,973,136.91
Editorial,2016,3,8.2,5,202,0,3,99.998,953,640.26
Article,2016,16,5,6,201,0,10,95.53,953,69.46
Article,2016,4,8.9,4,171,0,2,98.723,951,82.08
Conference Paper,2016,5,17.4,1,85,0,1,99.733,947,53.88
Conference Paper,2016,5,,,21,0,1,99.998,946,92.57
Conference Paper,2016,5,17.4,1,77,1,7,98.178,946,43.88
Conference Paper,2016,5,17.4,1,58,1,2,99.74,944,51.77
Article,2016,4,1,46,1914,1,3,99.783,922,29.72
Conference Paper,2016,8,,,147,0,4,99.409,917,84.42
Article,2016,3,14.6,1,139,1,2,99.956,916,44.23
Conference Paper,2016,6,17.4,1,39,1,1,99.156,914,43.36
Article,2016,5,,,182,1,2,99.018,909,44.56
Conference Paper,2016,5,17.4,1,80,0,1,98.072,906,33.36
Conference Paper,2016,3,1.6,40,42,1,1,92.119,898,71.71
Book,2016,1,,,109,0,1,87.887,891,13.34
Article,2016,3,11.6,2,293,0,2,98.524,883,47.38
Article,2016,16,2.9,30,156,1,6,94.291,881,35.88
Conference Paper,2016,2,,,98,0,1,4.342,875,53.65
Conference Paper,2016,8,,,85,0,2,99.998,871,87.94
Conference Paper,2016,3,,,50,0,2,99.125,871,82.44
Conference Paper,2016,3,,,39,0,3,98.211,867,67.13
Conference Paper,2016,5,17.4,1,61,0,5,99.998,867,40.09
Article,2016,3,12,2,211,0,2,99.716,862,52.56
Conference Paper,2016,2,1.8,35,1139,1,2,99.937,860,137
Review,2016,2,0.6,66,340,1,1,83.109,860,10.61
Conference Paper,2016,5,,,56,0,2,96.214,856,93.75
Article,2016,3,,,40,1,3,92.755,854,49.07
Article,2016,7,14.6,1,568,1,5,98.631,852,51.39
Conference Paper,2016,139,1.6,40,378,1,45,99.722,849,110.11
Conference Paper,2016,5,,,78,0,4,99.998,847,83.86
Conference Paper,2016,5,6,12,635,0,3,95.125,847,61.62
Conference Paper,2016,2,,,61,0,1,99.707,838,95.87
Conference Paper,2016,4,1.6,40,37,1,2,99.998,829,95.62
Article,2016,5,7.7,4,224,1,3,98.001,826,74.86
Conference Paper,2016,5,,,50,1,2,99.722,822,30.01
Conference Paper,2016,4,17.4,1,72,1,2,99.998,818,44.09
Conference Paper,2016,5,,,109,0,3,96.411,817,96.11
Review,2016,1,,,157,1,1,99.412,811,11.7
Article,2016,4,16.2,1,282,1,2,97.673,807,41.83
Conference Paper,2016,8,,,94,0,5,99.998,797,85.93
Conference Paper,2016,4,4.5,17,92,0,1,98.358,797,75.44
Conference Paper,2016,3,,,31,0,1,99.998,796,66.04
Conference Paper,2016,2,,,47,1,2,99.902,796,60.87
Review,2016,13,,,119,1,6,89.314,793,13.84
Article,2016,2,5,6,82,0,4,96.241,792,50.94
Conference Paper,2016,6,,,29,0,1,99.707,789,84.8
Conference Paper,2016,5,17.4,1,49,1,1,99.998,787,36.62
Article,2016,4,4.1,18,202,1,3,99.395,781,44.93
Conference Paper,2016,5,1.6,40,20,1,2,99.733,780,51.43
Conference Paper,2016,4,,,28,0,2,99.74,778,78.44
Article,2016,7,22,1,93,1,5,99.722,777,52.01
Conference Paper,2016,3,17.4,1,29,0,2,99.16,776,29.89
Conference Paper,2016,4,,,67,0,3,99.294,774,98.07
Article,2016,5,14.2,1,155,1,3,97.252,770,53.18
Article,2016,8,7.9,2,57,1,9,99.494,765,39.49
Conference Paper,2016,12,,,203,0,5,99.998,758,125.06
Article,2016,1,6.6,10,287,0,1,99.855,757,30.66
Article,2016,4,9.5,2,121,1,7,99.883,756,54.38
Conference Paper,2016,5,17.4,1,60,0,4,93.268,753,34.41
Article,2016,4,2.6,33,155,1,5,90.301,752,39.17
Conference Paper,2016,2,,,42,0,1,99.294,749,91.63
Article,2016,5,4.7,20,1080,1,2,99.058,734,38.82
Article,2016,4,2.4,23,1297,1,1,55.499,733,58.15
Conference Paper,2016,4,17.4,1,42,1,2,99.998,732,35.04
Conference Paper,2016,4,17.4,1,41,1,1,99.733,730,45.25
Article,2016,2,9.2,3,47,1,1,99.79,728,39.13
Conference Paper,2016,3,,,131,1,1,99.385,722,83.08
Conference Paper,2016,3,17.4,1,56,1,1,99.998,720,38.83
Conference Paper,2016,6,1.6,40,64,0,3,99.16,719,58.68
Conference Paper,2016,4,17.4,1,75,1,3,98.611,718,29.89
Article,2016,3,3.7,10,144,1,2,98.952,713,26.79
Review,2016,4,14,2,185,1,3,99.03,712,19.15
Conference Paper,2016,3,17.4,1,40,1,1,99.722,710,35.25
Article,2016,5,16.3,1,334,0,3,99.925,709,28.53
Conference Paper,2016,3,17.4,1,108,1,1,98.045,709,35.88
Article,2016,5,8.2,5,203,1,4,93.357,706,35.45
Article,2016,10,8.2,5,216,0,4,98.796,704,36.94
Conference Paper,2016,3,,,43,1,1,99.998,703,75.66
Conference Paper,2016,5,,,24,1,2,98.048,702,46.64
Article,2016,12,,,58,1,16,99.815,697,21.2
Conference Paper,2016,4,,,73,0,1,99.98,697,99.92
Conference Paper,2016,6,17.4,1,47,0,2,96.386,697,31.15
Article,2016,4,14.6,1,93,1,4,99.731,692,43.8
Short Survey,2016,2,9.2,3,522,1,1,98.242,691,13.03
Article,2016,3,17.7,1,116,1,3,99.354,686,44.59
Conference Paper,2016,6,6,12,390,0,2,99.98,684,54.86
Article,2016,5,16.3,1,134,0,3,99.925,683,24.23
Article,2016,4,22,1,80,1,2,98.402,682,36.08
Conference Paper,2016,2,,,58,0,2,97.691,680,58.65
Article,2016,3,3.6,16,585,1,2,99.895,680,32.17
Conference Paper,2016,2,1.6,40,13,1,2,99.552,680,35.49
Conference Paper,2016,5,,,16,1,2,96.214,679,39.32
Article,2016,4,17.4,1,162,1,1,98.045,678,39.81
Review,2016,4,14,2,226,1,5,99.916,678,15.13
Article,2016,6,6.2,4,2028,0,4,99.024,678,38.84
Article,2016,8,11.4,1,55,0,1,99.61,669,35.16
Article,2016,4,14.2,1,181,1,2,99.395,665,38.6
Article,2016,4,7.3,3,411,0,1,99.018,662,27.89
Article,2016,4,16.2,1,75,0,3,99.502,655,30.89
Conference Paper,2016,5,,,78,0,2,99.902,653,36.33
Conference Paper,2016,4,1.6,40,52,1,3,98.855,652,68.09
Article,2016,2,2.7,34,1867,0,4,99.98,648,33.76
Article,2016,3,10.1,1,786,1,2,96.045,648,60.26
Article,2016,5,1.3,37,191,1,2,97.351,647,45.11
Conference Paper,2016,5,,,184,0,2,99.916,644,41.93
Conference Paper,2016,4,3.5,25,50,1,2,88.074,643,65.24
Article,2016,4,8,6,431,1,1,87.812,641,42.35
Conference Paper,2016,4,,,69,0,2,99.552,640,53.47
Article,2016,2,3.5,17,129,0,2,99.956,639,63.89
Article,2016,2,3.5,17,106,0,2,99.956,638,59.85
Article,2016,1,,,139,1,1,88.694,637,32.55
Article,2016,3,4.9,17,126,0,4,97.673,636,18.79
Conference Paper,2016,6,17.4,1,89,1,4,15.981,635,29.15
Article,2016,6,8.2,5,229,1,4,99.624,634,34.29
Conference Paper,2016,1,,,1129,0,1,99.98,633,88.19
Conference Paper,2016,4,,,11,1,2,99.916,631,63.53
Conference Paper,2016,5,3.5,25,57,1,2,99.294,631,80.4
Review,2016,7,8.2,5,323,1,8,97.114,630,9.44
Article,2016,4,8.2,1,293,0,4,99.502,629,28.27
Conference Paper,2016,7,17.4,1,64,0,5,99.722,622,37.15
Article,2016,5,8.9,4,101,0,2,98.723,620,57.62
Article,2016,5,14.6,1,52,1,3,99.79,616,38.67
Conference Paper,2016,5,17.4,1,33,1,3,98.628,615,24.1
Conference Paper,2016,4,,,151,0,1,97.532,613,33.82
Article,2016,3,6.4,9,110,0,2,99.716,613,38.87
Conference Paper,2016,3,,,38,0,2,99.707,610,74.67
Conference Paper,2016,4,9.2,3,55,1,3,99.79,609,87.63
Conference Paper,2016,6,,,98,0,2,99.707,609,72.19
Article,2016,2,5,6,44,0,1,20.366,608,22.88
Review,2016,3,6.9,8,289,0,1,99.748,608,14
Conference Paper,2016,2,1.6,40,40,1,1,99.903,607,62.06
Review,2016,1,16.1,1,124,1,1,97.334,605,13.87
Review,2016,3,,,195,0,2,99.681,605,12.21
Article,2016,5,4.8,20,623,0,3,90.981,604,25.71
Article,2016,4,4.2,14,72,1,6,99.883,604,38.27
Article,2016,2,8.2,1,332,0,1,99.468,603,34.11
Article,2016,6,13.1,1,145,1,2,99.876,597,61.39
Article,2016,1,9.7,1,297,0,2,64.206,597,17.7
Conference Paper,2016,5,,,50,0,4,99.552,596,61.01
Article,2016,11,10,3,115,1,18,98.942,596,26.37
Conference Paper,2016,3,1.6,40,36,1,1,99.722,595,67.13
Conference Paper,2016,3,,,40,0,3,99.552,595,43.42
Article,2016,3,9.5,2,60,1,4,99.731,595,48.24
Article,2016,3,7.5,6,528,1,3,99.945,594,19.77
Article,2016,4,7.9,2,56,1,4,99.805,594,23.05
Conference Paper,2016,2,17.4,1,31,1,1,99.478,592,33.99
Conference Paper,2016,3,1.8,35,1068,1,2,64.661,592,74.95
Conference Paper,2016,2,,,50,0,1,95.066,590,58.18
Conference Paper,2016,5,,,23,0,2,98.725,585,32.06
Short Survey,2016,3,9.2,3,370,1,4,99.808,581,9.96
Article,2016,5,5.6,13,139,1,2,99.035,579,22.83
Conference Paper,2016,4,17.4,1,38,1,3,99.998,577,32.62
Conference Paper,2016,5,17.4,1,48,1,3,98.628,577,29.04
Article,2016,2,11.4,1,232,1,1,99.681,577,38.51
Article,2016,3,8.6,3,136,0,3,99.906,576,19.61
Conference Paper,2016,5,1.6,40,14,1,1,99.733,575,47.57
Conference Paper,2016,4,1.6,40,55,1,1,98.402,574,58.43
Conference Paper,2016,3,17.4,1,61,1,1,99.74,572,34.31
Article,2016,9,10.8,1,37,1,2,99.805,572,21.99
Conference Paper,2016,1,,,38,0,1,99.733,570,45.7
Conference Paper,2016,4,6,12,108,1,2,98.437,567,38.32
Conference Paper,2016,2,17.4,1,32,0,1,99.478,563,29.99
Article,2016,2,3.5,14,157,1,3,95.076,562,40.12
Conference Paper,2016,8,,,53,0,3,98.502,560,53.94
Conference Paper,2016,18,,,113,1,18,99.855,559,53.97
Article,2016,2,0.1,95,152,1,1,99.624,559,31.15
Conference Paper,2016,3,1.6,40,52,0,1,99.722,559,42.5
Article,2016,2,4,7,816,1,2,98.964,559,50.03
Conference Paper,2016,4,,,44,1,1,99.902,557,43.75
Article,2016,6,8.8,1,318,0,2,31.683,556,48.21
Article,2016,8,9,1,1140,1,3,99.839,556,28.62
Review,2016,7,4.1,18,215,1,4,97.289,552,11.19
Review,2016,3,5.4,14,92,1,1,72.531,552,7.72
Article,2016,3,10.8,1,35,1,4,99.805,552,25.83
Article,2016,3,0.8,70,50,1,2,97.64,550,26.45
Article,2016,2,8.2,5,135,0,1,97.449,549,27.41
Conference Paper,2016,4,17.4,1,32,0,3,98.461,548,29.25
Article,2016,9,3.5,14,76,1,3,99.956,545,43.61
Article,2016,2,7.4,1,528,0,2,99.241,545,23.54
Article,2016,2,10.6,3,76,0,1,99.716,544,30.73
Article,2016,6,8.2,5,140,1,3,99.998,543,31.54
Review,2016,8,7.7,4,46,1,6,84.949,543,17.16
Conference Paper,2016,2,,,9,0,1,97.574,542,31.48
Review,2016,2,5.4,5,970,0,1,99.776,541,9.62
Article,2016,5,,,284,1,4,98.055,541,26.86
Review,2016,1,6,4,599,1,1,90.787,541,12.2
Article,2016,3,10.8,1,40,0,3,99.494,540,19.35
Conference Paper,2016,3,,,96,1,1,99.883,538,74.61
Article,2016,4,9,4,214,0,2,99.707,536,20.84
Article,2016,7,8.9,4,162,1,7,94.915,536,27.01
Conference Paper,2016,7,17.4,1,51,0,3,84.489,535,21.05
Conference Paper,2016,5,17.4,1,33,1,2,99.998,535,24.62
Conference Paper,2016,4,,,37,0,2,99.902,533,52.09
Conference Paper,2016,3,,,29,0,1,99.707,530,58.18
Conference Paper,2016,5,1.6,40,34,1,2,99.998,528,54.57
Conference Paper,2016,4,17.4,1,40,1,2,99.998,528,31.67
Conference Paper,2016,6,,,13,1,3,99.903,526,35.36
Article,2016,4,,,212,1,2,99.833,525,17.17
Article,2016,3,8.2,6,256,0,4,99.855,525,23.73
Article,2016,3,14,2,67,1,4,88.541,523,40.13
Conference Paper,2016,3,,,58,1,1,99.385,521,47.56
Conference Paper,2016,2,,,25,0,3,99.916,519,51.84
Conference Paper,2016,3,17.4,1,26,1,1,99.733,517,36.62
Conference Paper,2016,5,,,50,0,7,98.437,516,49.27
Conference Paper,2016,3,,,30,1,2,98.048,513,38.84
Article,2016,4,3.5,14,635,1,4,99.911,512,42.18
Conference Paper,2016,7,17.4,1,38,1,3,99.33,512,25.15
Article,2016,3,11.6,2,119,0,1,99.716,512,36.85
Conference Paper,2016,8,,,25,0,4,99.057,511,56.65
Conference Paper,2016,7,3.5,25,94,1,5,98.942,509,65.96
Conference Paper,2016,3,17.4,1,74,0,1,96.241,508,28.31
Article,2016,2,5.1,14,87,0,1,99.359,508,27.03
Article,2016,7,8.2,5,163,1,6,99.624,506,29.85
Conference Paper,2016,6,,,14,1,2,99.581,506,51.15
Conference Paper,2016,3,,,52,0,3,99.916,505,46.88
Conference Paper,2016,4,,,18,0,2,79.8,504,29.53
Conference Paper,2016,5,1.6,40,34,1,4,98.045,499,53.85
Conference Paper,2016,3,,,1255,0,1,98.199,498,70.73
Article,2016,5,14.6,1,187,1,4,79.778,497,30.66
Conference Paper,2016,6,6,12,164,0,1,99.98,497,32.69
Article,2016,2,10.8,1,54,1,4,96.974,497,27.4
Conference Paper,2016,5,8,6,112,0,4,99.956,497,61.33
Conference Paper,2016,4,1.6,40,57,1,2,98.611,496,62.3
Article,2016,10,10.1,1,712,0,9,99.024,495,49.7
Article,2016,1,10.8,1,47,1,3,99.419,493,23.19
Conference Paper,2016,4,,,64,0,2,66.619,492,46.53
Conference Paper,2016,1,,,598,0,1,99.98,492,65.02
Article,2016,3,11.8,2,1255,1,2,68.917,492,34.21
Conference Paper,2016,4,,,24,0,1,99.998,491,38.4
Short Survey,2016,3,4.8,7,698,1,3,99.599,491,110.59
Book,2016,1,,,39,0,1,99.285,491,21.35
Conference Paper,2016,3,,,100,0,3,98.725,490,36.07
Conference Paper,2016,4,17.4,1,51,1,3,99.33,490,19.57
Conference Paper,2016,2,,,36,0,1,55.414,489,55.36
Conference Paper,2016,3,17.4,1,19,1,1,99.629,482,23.05
Conference Paper,2016,2,1.6,40,24,1,1,99.998,481,19.32
Article,2016,3,3.5,14,41,1,1,99.731,481,34.09
Review,2016,8,5.4,14,223,1,4,99.083,481,6.53
Short Survey,2016,5,9.2,3,100,1,2,99.142,481,8.27
Conference Paper,2016,4,17.4,1,36,0,1,99.74,480,20.52
Conference Paper,2016,4,2.2,37,83,1,3,99.956,480,66.52
Article,2016,4,4.7,20,620,0,2,99.839,480,26.19
Conference Paper,2016,5,,,135,0,3,97.574,478,42.83
Conference Paper,2016,7,,,45,0,6,98.855,478,54
Conference Paper,2016,12,1.6,40,231,0,8,99.98,477,52.64
Article,2016,3,15.2,1,45,0,3,99.438,476,28.65
Conference Paper,2016,4,,,113,0,8,99.624,475,30.86
Conference Paper,2016,2,4.5,17,45,1,1,97.459,474,59.79
Review,2016,1,5.6,5,907,1,1,98.964,473,35.69
Conference Paper,2016,3,1.8,35,540,1,1,98.199,473,74.12
Article,2016,6,14.6,1,148,1,6,85.461,473,28.42
Conference Paper,2016,4,,,71,1,1,99.956,473,72.24
Article,2016,2,6.2,4,698,0,1,99.888,471,21.93
Review,2016,2,6.9,8,148,0,1,28.141,470,12.93
Conference Paper,2016,4,17.4,1,20,1,3,97.923,470,23.89
Conference Paper,2016,4,,,53,1,3,99.998,470,32.69
Conference Paper,2016,4,1.6,40,30,1,2,95.67,470,43.46
Article,2016,24,5.1,9,28,1,29,99.262,470,40.11
Review,2016,2,5.5,5,344,0,2,98.396,469,7.66
Conference Paper,2016,5,17.4,1,68,1,3,98.578,467,14.63
Article,2016,55,7.3,6,257,1,30,96.044,465,24.48
Conference Paper,2016,4,17.4,1,67,0,3,99.733,465,30.94
Conference Paper,2016,3,1.6,40,27,1,1,99.733,464,65.19
Article,2016,5,3.5,14,56,1,2,99.79,464,42.02
Conference Paper,2016,5,,,75,0,2,99.902,462,52.35
Conference Paper,2016,4,17.4,1,36,1,2,99.998,462,21.47
Conference Paper,2016,7,1.6,40,41,0,4,99.733,461,52.16
Conference Paper,2016,5,1.6,40,32,1,1,96.411,461,40.81
Article,2016,4,11.8,2,118,0,3,98.572,461,21.92
Article,2016,2,16.3,1,65,0,2,97.35,461,27.27
Review,2016,3,8,6,257,0,7,99.883,459,10.67
Conference Paper,2016,3,,,40,1,1,99.057,457,59.73
Conference Paper,2016,4,,,56,0,1,98.395,456,35.8
Conference Paper,2016,8,11.1,1,65,1,1,97.631,453,28.35
Review,2016,2,6,4,286,0,2,97.114,452,11.72
Conference Paper,2016,5,1.6,40,19,1,2,99.33,451,43.7
Article,2016,4,13.1,1,113,0,3,97.798,449,38.87
Conference Paper,2016,4,,,27,0,1,99.409,449,34.92
Conference Paper,2016,4,,,17,0,3,99.902,448,29.13
Conference Paper,2016,4,17.4,1,47,1,2,96.411,448,22.84
Article,2016,8,2.7,10,90,1,2,99.916,447,35.91
Review,2016,4,5,17,180,0,1,99.318,447,8.92
Conference Paper,2016,6,,,13,0,3,99.903,447,43.11
Conference Paper,2016,6,,,25,1,3,99.74,446,52.55
Conference Paper,2016,1,1.6,40,338,0,1,99.98,446,56.5
Article,2016,2,4.7,20,215,0,2,99.911,445,25.88
Conference Paper,2016,7,,,167,0,4,99.443,445,34.35
Review,2016,5,10.3,4,90,1,5,90.643,444,11.27
Article,2016,4,16.3,1,156,0,4,99.667,444,24.54
Conference Paper,2016,3,,,18,0,2,99.559,443,74.94
Conference Paper,2016,6,,,37,0,2,99.998,443,50.22
Conference Paper,2016,4,1.6,40,35,1,2,99.707,443,50.47
Article,2016,3,7.4,1,414,0,1,99.802,442,19.56
Conference Paper,2016,2,10.6,3,81,0,3,94.95,442,101.42
Article,2016,4,11.8,2,61,1,2,98.556,441,33.09
Conference Paper,2016,3,,,40,0,1,97.357,440,49.23
Conference Paper,2016,4,17.4,1,34,1,1,99.998,438,16.73
Article,2016,3,0.8,72,221,0,3,99.839,437,20.98
Chapter,2016,2,,,540,0,1,87.103,437,93.73
Conference Paper,2016,2,6.5,9,104,0,1,96.538,436,27.28
Conference Paper,2016,4,,,73,0,3,99.409,436,41.46
Conference Paper,2016,3,11.1,1,115,0,1,92.119,435,38.11
Article,2016,4,4.7,9,669,1,1,99.061,435,17.3
Conference Paper,2016,6,17.4,1,62,0,2,99.998,434,19.68
Conference Paper,2016,2,,,133,0,2,99.956,434,87.2
Article,2016,2,16.3,1,49,0,2,97.35,434,26.54
Conference Paper,2016,6,1.6,40,32,1,4,99.33,433,38.63
Conference Paper,2016,2,,,32,0,1,93.343,432,31.8
Article,2016,4,10.6,3,87,0,5,99.171,431,31.05
Article,2016,4,4.8,17,157,1,3,99.331,431,17.31
Review,2016,3,6.9,8,527,0,1,99.911,431,13.44
Conference Paper,2016,4,17.4,1,36,0,4,97.127,431,19.47
Conference Paper,2016,4,17.4,1,23,1,1,99.733,430,18.73
Article,2016,4,6.2,4,599,0,3,99.945,429,16.42
Article,2016,3,6.4,9,39,0,1,99.716,429,28
Article,2016,5,8.8,1,278,0,2,98.723,428,40.57
Conference Paper,2016,2,17.4,1,35,1,1,83.034,426,24.83
Conference Paper,2016,3,17.4,1,28,1,2,99.74,426,24.1
Review,2016,1,11.8,2,165,0,1,97.284,425,9.39
Article,2016,4,7.3,6,56,1,2,82.438,424,17.85
Article,2016,7,5.1,9,23,1,1,54.485,423,16.44
Note,2016,2,,,171,1,4,97.889,422,55.7
Conference Paper,2016,4,,,39,0,2,99.638,420,38.67
Conference Paper,2016,7,,,35,0,4,99.294,418,40.99
Article,2016,2,6,5,22,1,2,97.981,418,32.93
Conference Paper,2016,3,,,18,0,1,99.998,418,42.4
Conference Paper,2016,15,,,43,0,4,97.846,417,52.16
Conference Paper,2016,3,,,39,0,4,99.707,417,48.76
Article,2016,2,17.7,1,99,0,1,99.956,416,22.09
Conference Paper,2016,3,0.7,68,31,1,2,95.978,416,57.33
Conference Paper,2016,4,,,78,1,4,99.395,416,61.31
Article,2016,3,7.3,6,95,1,1,92.014,416,21.01
Conference Paper,2016,3,,,32,0,2,99.998,414,26.43
Article,2016,1,6.3,18,131,1,1,99.916,413,17.84
Article,2016,5,10.8,1,62,1,5,88.08,412,22.95
Article,2016,6,17.7,1,90,1,4,99.79,412,21.99
Review,2016,3,4.1,18,242,1,2,96.939,411,8.64
Article,2016,4,6.4,12,61,1,5,99.629,411,27.92
Article,2016,5,6.2,4,130,1,4,98.896,411,22.65
Conference Paper,2016,5,,,155,0,2,99.395,410,62.13
Article,2016,5,4.8,7,105,0,8,91.884,409,30.34
Conference Paper,2016,4,17.4,1,37,1,2,97.923,408,20.2
Conference Paper,2016,3,,,19,0,2,99.629,408,49.7
Article,2016,3,6.2,4,425,0,3,99.602,406,18.38
Article,2016,4,3.9,25,170,0,1,97.503,406,22.94
Article,2016,4,9.1,4,77,0,6,98.393,405,30.07
Conference Paper,2016,4,1.6,40,24,1,4,99.998,405,44.19
Article,2016,8,11.9,3,104,1,9,99.681,404,19.36
Article,2016,4,22,1,79,1,2,99.998,404,32.21
Article,2016,5,5.3,16,55,1,3,98.628,404,19.73
Article,2016,4,4.9,17,130,0,1,98.821,404,26.98
Conference Paper,2016,5,1.6,40,28,1,7,99.998,403,28.73
Article,2016,27,4.7,5,74,1,44,93.423,401,21.85
Article,2016,1,17.7,1,41,1,1,97.132,399,24.36
Review,2016,5,2.5,34,803,1,1,99.707,399,5.23
Conference Paper,2016,3,,,27,0,2,99.903,399,42.1
Conference Paper,2016,5,,,166,1,2,99.797,399,39.11
Article,2016,3,7.2,2,149,0,1,99.925,399,21.42
Conference Paper,2016,3,,,24,1,1,95.951,399,37.14
Article,2016,3,7.4,1,443,0,2,99.802,398,17.9
Conference Paper,2016,4,,,30,0,2,98.461,398,41.04
Article,2016,5,6.9,8,112,0,3,68.118,398,31.46
Conference Paper,2016,6,17.4,1,23,1,4,97.923,398,19.15
Article,2016,3,10.8,1,52,1,19,89.449,398,14.9
Article,2016,8,17.7,1,69,1,5,99.731,396,20.44
Article,2016,8,8.2,6,199,0,4,78.763,396,8.6
Article,2016,1,4.4,18,55,0,1,99.906,396,22.4
Conference Paper,2016,4,17.4,1,26,0,1,99.74,395,23.26
Article,2016,1,16.3,1,90,1,1,97.35,395,24.65
Editorial,2016,3,7.5,6,412,1,5,37.765,395,226.2
Article,2016,3,12,2,70,0,1,99.438,395,22.72
Article,2016,8,10.2,3,83,1,5,99.478,394,21.96
Article,2016,3,4.4,17,13,1,4,99.731,394,21.29
Conference Paper,2016,4,1.6,40,30,1,2,97.926,393,36.22
Conference Paper,2016,3,,,41,0,2,99.998,393,45.23
Review,2016,5,5.4,14,331,1,4,98.917,393,5.63
Editorial,2016,2,,,9,0,2,,392,201.81
Conference Paper,2016,5,17.4,1,41,0,3,99.733,392,18.63
Conference Paper,2016,4,,,23,0,1,95.951,392,17.55
Article,2016,3,5.4,5,386,1,5,99.058,390,46.98
Article,2016,1,,,130,1,2,52.668,390,16.77
Conference Paper,2016,4,,,23,0,2,99.707,390,32.98
Article,2016,4,22,1,55,1,3,98.035,389,16.62
Article,2016,2,7.6,8,322,0,2,99.583,389,12.42
Article,2016,4,16.2,1,84,1,3,99.502,389,26.2
Article,2016,3,6.8,11,152,0,1,99.906,388,19.73
Review,2016,3,5.4,14,103,1,2,99.986,387,6.49
Article,2016,9,6.5,16,134,1,2,97.941,386,18.72
Conference Paper,2016,6,17.4,1,32,1,3,98.045,386,22.52
Conference Paper,2016,7,17.4,1,81,1,3,97.214,385,19.99
Conference Paper,2016,5,17.4,1,33,0,6,94.473,384,13.47
Conference Paper,2016,5,17.4,1,28,1,2,99.998,384,16.31
Conference Paper,2016,6,,,37,0,2,99.294,384,31.09
Article,2016,3,9.5,2,52,1,4,99.731,383,30.7
Review,2016,5,5.4,14,85,1,2,97.251,383,5.37
Conference Paper,2016,4,1.6,40,16,1,2,99.74,383,27.53
Conference Paper,2016,6,17.4,1,66,0,3,99.998,383,16.94
Conference Paper,2016,3,17.4,1,41,1,1,99.733,381,23.57
Review,2016,2,3.7,10,95,0,4,98.952,381,13.46
Article,2016,2,2.3,16,227,0,4,98.001,380,17.47
Conference Paper,2016,11,,,27,1,1,97.914,380,51.41
Conference Paper,2016,4,,,40,1,2,99.057,379,54.21
Conference Paper,2016,2,17.4,1,23,1,1,99.998,379,18.73
Conference Paper,2016,6,,,107,1,3,96.214,379,39.94
Conference Paper,2016,5,17.4,1,38,1,3,99.629,379,23.89
Article,2016,3,7.3,6,27,1,4,87.591,378,18.46
Conference Paper,2016,3,17.4,1,37,0,2,99.998,378,20.42
Conference Paper,2016,4,,,27,0,4,97.822,378,55.57
Article,2016,2,8.6,3,95,0,1,99.64,377,18.58
Review,2016,4,5.4,14,50,1,2,99.75,377,6.38
Review,2016,3,7.8,1,663,1,3,99.061,377,8.09
Article,2016,9,8.2,5,123,0,5,97.905,377,21.59
Conference Paper,2016,4,1.6,40,23,1,1,98.178,377,49.74
Article,2016,3,14.6,1,61,1,1,99.212,376,30.77
Article,2016,12,,,99,1,3,97.301,376,22.72
Article,2016,6,8.6,3,380,0,5,99.331,375,19.71
Editorial,2016,2,10.1,2,190,1,1,99.624,375,75.06
Review,2016,2,14,2,117,0,2,88.542,375,8.04
Article,2016,2,0.8,74,68,0,1,99.748,374,12.16
Article,2016,3,7,3,315,0,6,99.643,373,20.4
Article,2016,1,,,15,1,1,99.391,372,36.56
Review,2016,3,3.6,38,650,1,2,95,372,9.99
Conference Paper,2016,3,1.6,40,291,0,2,99.585,372,25.59
Article,2016,8,8.2,5,150,1,1,99.998,371,19.47
Article,2016,4,12,2,58,0,5,99.716,371,20.62
Conference Paper,2016,5,17.4,1,35,0,3,99.16,370,11.79
Article,2016,2,6.2,4,492,0,4,99.946,370,13.72
Article,2016,4,9.6,3,92,0,4,99.068,370,23.91
Article,2016,1,8.2,5,286,1,5,91.885,369,17.37
Conference Paper,2016,5,11.4,1,66,1,2,99.61,368,61.93
Article,2016,5,2.2,22,73,0,6,96.809,368,39.42
Article,2016,7,16.3,1,34,0,4,97.955,367,18.67
Conference Paper,2016,3,,,59,0,1,99.916,366,25.71
Article,2016,6,8.2,5,99,0,1,97.449,366,18.31
Article,2016,4,5.3,6,44,0,2,98.572,366,12.84
Conference Paper,2016,4,3.5,25,28,1,2,98.284,365,45.26
Conference Paper,2016,2,17.4,1,56,1,1,99.998,365,20.84
Conference Paper,2016,4,,,9,0,1,99.294,364,30.53
Article,2016,2,6.2,4,594,0,1,99.736,363,15.32
Conference Paper,2016,5,,,61,1,5,99.916,363,63.16
Review,2016,3,8.9,2,222,1,4,98.013,363,26.92
Conference Paper,2016,4,17.4,1,36,1,2,99.74,362,21.78
Book,2016,5,,,70,1,10,92.783,361,14.41
Conference Paper,2016,2,,,9,0,1,96.67,361,36.33
Conference Paper,2016,9,,,23,0,6,99.998,361,33.48
Article,2016,12,9.2,3,165,1,6,94.925,361,19.84
Article,2016,4,,,101,0,3,99.681,361,19.28
Article,2016,5,7.3,3,47,0,5,97.532,361,13.43
Review,2016,4,5.4,14,79,1,4,98.118,360,4.74
Article,2016,7,3.5,14,180,1,5,99.539,360,26.96
Article,2016,4,22,1,71,1,2,99.998,360,15.93
Conference Paper,2016,3,9.5,2,28,1,3,99.354,359,87.36
Article,2016,5,16.3,1,116,0,2,99.685,359,14.58
Conference Paper,2016,4,17.4,1,45,0,4,99.998,359,13.57
Review,2016,2,5.1,8,163,0,4,98.465,359,7.27
Article,2016,2,8.7,1,38,1,1,97.311,359,20.56
Article,2016,4,22,1,33,1,3,97.923,358,16.84
Article,2016,5,22,1,65,0,3,98.785,358,21.62
Article,2016,2,6.2,4,382,0,1,99.024,358,19.24
Conference Paper,2016,4,17.4,1,60,1,3,99.33,358,19.05
Article,2016,3,1.9,51,258,0,2,99.911,358,15.23
Article,2016,4,9.5,2,38,0,4,99.731,357,24.94
Article,2016,3,6,5,47,1,1,99.212,357,34.09
Conference Paper,2016,3,,,144,0,2,85.887,356,51.93
Conference Paper,2016,5,,,69,0,1,76.435,355,29.21
Article,2016,5,11.6,2,87,0,4,97.722,355,16.28
Conference Paper,2016,4,,,43,0,3,95.451,355,37.63
Conference Paper,2016,2,17.4,1,52,1,1,99.998,355,14.63
Conference Paper,2016,3,17.4,1,36,1,2,99.478,354,21.05
Conference Paper,2016,5,17.4,1,36,1,2,99.74,354,20.1
Review,2016,3,16.1,1,183,1,3,99.412,353,6.49
Conference Paper,2016,8,,,115,0,4,99.998,353,60.05
Article,2016,3,14.2,1,85,1,3,99.467,353,22.69
Conference Paper,2016,5,,,21,1,2,99.998,353,11.93
Review,2016,3,5.8,6,838,0,3,98.923,353,8.62
Article,2016,5,5.4,5,144,0,4,96.375,352,14.95
Article,2016,3,5.2,17,152,0,2,96.49,351,18.43
Review,2016,4,3.5,14,86,1,2,97.252,351,10
Conference Paper,2016,3,,,351,1,1,99.98,351,49.33
Conference Paper,2016,3,17.4,1,49,1,1,99.998,351,13.05
Conference Paper,2016,2,,,235,0,4,99.98,350,63.36
Review,2016,4,1.2,43,272,0,1,99.911,350,6.86
Article,2016,7,10.1,1,938,1,5,96.107,350,34.58
Article,2016,3,4.9,14,62,1,4,96.563,350,23.25
Article,2016,3,10.1,2,148,1,3,97.014,350,18.77
Conference Paper,2016,6,,,40,0,1,95.974,349,38.87
Conference Paper,2016,2,17.4,1,24,1,1,97.923,349,11.68
Conference Paper,2016,5,1.6,40,24,0,2,99.478,349,45.39
Article,2016,2,8.8,4,140,0,2,99.855,349,19.16
Article,2016,12,10.8,1,24,1,4,99.852,349,17.06
Article,2016,5,4.9,17,141,1,3,99.468,348,15.17
Conference Paper,2016,4,,,61,0,4,95.974,348,39.81
Article,2016,2,22,1,71,1,1,89.858,348,23.44
Conference Paper,2016,5,1.2,53,60,1,3,99.115,348,33.45
Conference Paper,2016,3,,,58,0,3,99.796,348,28.48
Article,2016,3,11.6,2,33,0,2,99.637,347,20.96
Conference Paper,2016,4,17.4,1,21,1,1,99.722,347,18.21
Conference Paper,2016,4,,,42,0,2,97.185,347,34.35
Article,2016,3,5.2,8,420,0,1,99.895,346,13.41
Conference Paper,2016,4,1.6,40,16,1,1,99.74,346,35.25
Conference Paper,2016,4,,,136,0,1,99.911,345,47.47
Conference Paper,2016,18,,,28,0,1,88.175,345,42.63
Conference Paper,2016,11,,,242,1,3,95.125,343,29.99
Article,2016,3,2.7,10,28,1,3,97.345,343,21.67
Article,2016,6,17.4,1,142,0,3,98.035,343,20.15
Conference Paper,2016,9,,,81,0,1,99.998,342,45.08
Article,2016,10,11.1,1,22,0,5,93.525,342,11.24
Conference Paper,2016,4,13,2,45,1,1,99.722,342,18.73
Book,2016,3,,,69,0,3,96.709,341,12.34
Article,2016,3,13.1,1,105,0,1,98.662,341,26.75
Conference Paper,2016,5,,,52,0,3,98.502,341,25.84
Conference Paper,2016,5,17.4,1,38,1,3,99.74,340,20.73
Conference Paper,2016,5,,,49,0,3,99.916,339,32.19
Article,2016,5,8.7,5,83,1,3,83.644,339,16.77
Conference Paper,2016,13,1.6,40,58,1,4,92.693,338,37.91
Article,2016,8,22,1,83,1,3,99.998,338,18.44
Article,2016,8,5,6,75,0,1,81.545,338,14.98
Conference Paper,2016,5,1.6,40,32,1,4,99.733,338,45.15
Conference Paper,2016,4,,,42,0,1,99.365,338,28.57
Conference Paper,2016,2,,,37,0,1,98.232,338,22.24
Conference Paper,2016,2,,,43,0,1,99.998,337,7.48
Article,2016,9,22,1,69,1,6,99.722,337,18.44
Article,2016,5,7.8,7,125,0,3,95.432,336,20.56
Article,2016,5,8.7,1,34,1,4,96.262,336,23.05
Conference Paper,2016,6,17.4,1,35,0,1,98.855,336,16.73
Conference Paper,2016,5,1.6,40,24,1,3,99.552,333,28.98
Article,2016,4,14,2,63,1,3,97.256,333,30.17
Article,2016,4,7.3,6,100,1,2,90.267,333,15.61
Article,2016,4,14,1,91,0,1,99.716,333,28.97
Article,2016,3,14,1,57,0,2,99.716,332,28.04
Conference Paper,2016,2,,,38,0,1,99.902,331,32.4
Conference Paper,2016,6,17.4,1,51,1,6,99.624,331,13.47
Conference Paper,2016,2,1.6,40,32,0,1,98.072,331,33.8
Article,2016,4,5.5,11,86,0,2,99.748,331,16.25
Review,2016,3,3.4,32,361,0,1,99.035,331,9.15
Conference Paper,2016,3,,,29,0,1,98.072,329,19.49
Article,2016,2,7.1,8,89,1,1,95.806,329,20.19
Conference Paper,2016,5,17.4,1,38,0,3,99.145,329,15.05
Conference Paper,2016,3,,,22,0,1,98.461,329,35.64
Article,2016,4,11.6,2,75,0,2,99.716,328,17.84
Review,2016,3,4.1,15,78,1,1,98.011,327,7.5
Conference Paper,2016,14,2.8,32,74,1,2,96.313,327,25.34
Article,2016,6,8.2,5,144,0,4,99.457,326,16.62
Conference Paper,2016,6,6.5,9,180,1,5,79.048,326,49.84
Article,2016,2,8.8,1,431,0,2,99.946,326,18.18
Review,2016,4,,,34,1,15,99.186,326,7.55
Article,2016,3,5.3,2,538,0,3,0.589,325,14.42
Article,2016,4,4.9,17,26,1,3,9.588,325,6.64
Conference Paper,2016,3,7.6,9,75,0,1,98.373,325,16.55
Article,2016,2,13.1,1,233,0,2,99.744,325,32.71
Article,2016,4,9.5,2,43,1,3,99.212,325,27.82
Article,2016,3,5.3,6,39,0,2,96.809,325,19.19
Article,2016,5,7.3,3,114,1,2,99.241,324,18.98
Conference Paper,2016,3,6,7,15,1,3,98.487,324,53.77
Conference Paper,2016,5,,,17,1,2,99.855,324,43.36
Article,2016,2,6.2,4,293,1,1,99.945,323,13.35
Conference Paper,2016,2,,,65,1,1,98.84,322,39.27
Conference Paper,2016,2,,,21,1,1,99.998,322,40.4
Conference Paper,2016,3,,,36,0,1,99.707,322,37.08
Conference Paper,2016,5,17.4,1,57,1,1,99.74,322,21.57
Article,2016,2,2.2,49,204,0,2,96.021,321,10.74
Review,2016,4,7.2,2,281,0,4,99.925,321,9.64
Article,2016,4,9.1,4,81,0,6,98.393,320,23.24
Article,2016,4,14,1,66,0,2,98.393,320,31.53
Article,2016,3,8.2,1,172,0,1,99.855,320,20.71
Review,2016,8,7.2,2,161,0,4,99.925,320,9.86
Conference Paper,2016,7,,,50,0,2,99.74,320,31.09
Review,2016,5,3.5,14,84,1,5,98.863,319,7.58
Conference Paper,2016,3,,,72,1,1,99.728,319,42.37
Review,2016,3,8.1,6,133,0,1,98.979,318,7.58
Conference Paper,2016,3,,,24,0,3,53.476,318,31.09
Article,2016,3,5.3,16,644,1,3,97.817,318,16.4
Article,2016,3,11.1,1,18,1,2,96.887,318,14.1
Conference Paper,2016,6,,,47,0,2,99.707,318,41.22
Review,2016,3,5.4,14,75,1,3,91.416,317,4.51
Conference Paper,2016,5,17.4,1,34,0,3,94.756,317,15.05
Article,2016,5,10.8,1,21,1,5,95.319,317,8.05
Article,2016,4,10.2,3,89,0,2,99.722,316,22.16
Article,2016,1,3.1,35,40,1,6,35.097,316,13.25
Review,2016,3,17.7,1,58,1,1,99.152,316,9.41
Article,2016,2,6.2,4,626,0,3,99.736,316,13.35
Article,2016,2,2.8,23,183,1,1,99.796,316,16.15
Article,2016,4,1.5,48,294,0,1,99.728,315,11.59
Article,2016,4,10.1,1,376,1,5,99.136,315,21.95
Review,2016,2,5.4,14,41,1,3,99.909,314,5.6
Article,2016,2,4.4,16,30,0,3,99.859,314,15.82
Conference Paper,2016,3,6,5,13,1,3,96.178,314,29.57
Review,2016,3,4.1,18,292,1,2,97.525,314,4.07
Conference Paper,2016,4,17.4,1,34,1,2,95.282,313,16.42
Review,2016,3,,,168,1,3,99.951,313,5.67
Conference Paper,2016,5,17.4,1,28,1,1,98.611,312,18.31
Conference Paper,2016,4,,,58,0,1,99.748,312,26.58
Article,2016,7,4.7,5,65,1,5,95.857,312,20.83
Article,2016,4,4.7,20,276,0,2,99.393,311,20.14
Conference Paper,2016,6,17.4,1,32,1,4,99.74,311,15.78
Conference Paper,2016,4,17.4,1,25,1,3,99.629,311,20.31
Article,2016,8,6.4,10,77,0,5,98.182,310,15.74
Review,2016,6,5.4,14,268,1,2,49.59,310,5.52
Article,2016,6,10.8,1,35,1,2,99.413,310,17.18
Conference Paper,2016,5,17.4,1,58,1,1,98.045,310,12.94
Conference Paper,2016,3,6,7,21,0,1,99.956,310,53.13
Article,2016,2,2.4,30,24,0,2,66.878,310,16.35
Article,2016,4,6.2,4,517,0,5,99.888,309,12.62
Article,2016,4,5.9,3,185,0,2,83.549,309,20.6
Conference Paper,2016,3,,,13,1,1,99.916,309,25.93
Review,2016,5,5.4,14,55,1,6,88.089,308,2.8
Article,2016,9,4.1,20,49,0,1,95.434,308,23.97
Article,2016,2,17.7,1,36,1,1,99.883,308,17.86
Review,2016,1,4.1,15,83,1,1,89.156,307,6.21
Conference Paper,2016,4,,,33,0,2,95.974,307,34.39
Conference Paper,2016,6,,,18,0,1,99.98,307,37.81
Conference Paper,2016,6,,,56,0,1,99.409,307,20.51
Conference Paper,2016,5,17.4,1,38,1,3,99.478,307,17.15
Article,2016,4,4.8,7,755,0,4,99.583,306,28.67
Conference Paper,2016,4,1.6,40,59,1,3,97.449,306,35.25
Article,2016,7,9.2,3,122,1,3,92.058,306,17.7
Article,2016,5,8,1,688,1,6,98.658,306,21.76
Review,2016,3,6,4,233,1,3,92.001,306,7.55
Article,2016,1,10.8,1,17,1,1,97.797,305,15.98
Article,2016,1,2.8,29,74,1,1,99.833,305,6.85
Conference Paper,2016,3,,,27,0,1,97.357,305,59.13
Conference Paper,2016,2,1.6,40,24,1,1,99.74,304,34.77
Article,2016,2,10.1,1,349,1,2,99.517,304,27.33
Article,2016,4,4.9,17,99,0,2,99.223,304,15.77
Conference Paper,2016,4,,,37,0,1,99.385,303,26.83
Article,2016,3,5.6,5,203,1,2,99.325,303,11.83
Conference Paper,2016,3,6,5,31,1,3,89.085,303,35.93
Article,2016,3,14,1,33,0,1,99.716,303,17.45
Review,2016,7,5.9,2,331,1,4,99.146,302,42.82
Article,2016,4,22,1,160,1,6,99.385,302,18.44
Chapter,2016,5,,,37,0,3,99.733,302,126.12
Article,2016,5,8.6,3,105,0,4,98.756,301,15.58
Article,2016,4,5.3,4,55,0,4,96.563,301,35.55
Conference Paper,2016,5,17.4,1,37,0,3,99.733,301,21.15
Article,2016,4,10.6,3,46,1,4,97.446,300,21.82
Article,2016,2,10.1,1,385,0,1,99.432,300,26.3
Conference Paper,2016,3,,,9,0,9,98.178,300,36.71
Article,2016,4,12,2,52,0,3,95.903,300,18.95
Article,2016,2,15.2,1,283,0,2,98.662,299,16.23
Conference Paper,2016,5,,,18,0,3,96.411,299,40.99
Article,2016,19,2.6,25,87,0,12,79.156,299,32.71
Article,2016,4,17.7,1,25,1,3,99.212,298,18.27
Conference Paper,2016,10,,,31,0,3,99.842,298,51.06
Article,2016,7,15.6,1,68,1,5,99.589,297,17.76
Article,2016,10,14,1,143,1,7,99.906,297,20.83
Conference Paper,2016,3,1.6,40,27,1,2,92.119,297,27.53
Conference Paper,2016,4,17.4,1,48,1,1,99.624,297,15.26
Article,2016,4,5.3,2,181,0,2,27.868,296,13.25
Conference Paper,2016,4,,,33,0,2,99.98,296,43.13
Article,2016,3,16.1,1,85,0,1,95.891,295,18.62
Article,2016,3,3.8,18,21,1,1,98.957,295,9.02
Review,2016,2,5.2,17,104,0,1,98.538,295,7.62
Conference Paper,2016,5,6.5,9,122,1,4,91.487,295,24.19
Conference Paper,2016,4,1.8,35,440,1,2,78.613,294,38.31
Review,2016,8,8.2,5,389,0,10,91.86,294,6.11
Conference Paper,2016,5,,,17,0,5,99.56,294,35.77
Article,2016,12,4.3,18,147,1,4,73.399,294,18.17
Conference Paper,2016,6,,,30,0,2,99.581,293,27.22
Article,2016,8,3,32,35,0,3,98.006,293,8.13
Conference Paper,2016,4,,,41,0,1,99.998,293,33.25
Article,2016,2,8.2,1,260,0,1,96.588,293,18.58
Review,2016,4,5.5,14,420,1,2,99.122,293,7.13
Article,2016,4,6.1,11,191,0,3,98.826,292,16.49
Article,2016,1,8.7,1,24,1,2,92.734,291,19
Review,2016,9,5.4,16,663,1,5,99.776,291,6.43
Article,2016,10,17.7,1,151,0,5,99.67,291,18.58
Article,2016,2,10.6,3,52,0,2,99.859,291,16.05
Conference Paper,2016,3,,,46,0,2,99.998,291,29.32
Article,2016,1,7.2,2,77,1,3,99.925,291,12.81
Article,2016,3,6.3,10,73,0,2,99.64,290,11.27
Article,2016,2,5.8,11,84,0,2,99.076,290,19.01
Article,2016,19,3.6,28,42,1,10,34.008,290,11.6
Conference Paper,2016,4,17.4,1,29,0,1,99.733,289,23.15
Article,2016,2,5.4,5,504,0,1,55.766,289,34.57
Conference Paper,2016,4,1.2,53,569,1,1,99.98,289,37.6
Short Survey,2016,7,6.1,11,62,1,5,97.717,289,47.67
Article,2016,3,2.6,33,59,0,3,97.334,289,16.86
Conference Paper,2016,8,,,18,0,2,98.437,289,36.67
Article,2016,5,4.9,17,111,1,4,99.624,289,14.91
Conference Paper,2016,6,,,22,0,2,99.916,288,13.59
Article,2016,4,22,1,38,0,2,99.478,288,20.14
Article,2016,5,4.9,17,153,0,5,99.855,288,14.4
Short Survey,2016,2,9.2,3,225,0,1,16.479,288,5.77
Article,2016,1,8.6,3,118,0,1,99.906,287,15.27
Article,2016,4,22,1,50,0,2,97.127,287,13.88
Article,2016,5,11.6,2,74,1,4,98.943,286,10.43
Conference Paper,2016,3,1.6,40,40,1,1,98.178,286,39.36
Review,2016,2,6,4,369,0,1,96.091,286,7.71
Article,2016,5,17.7,1,116,0,3,34.556,286,16.1
Article,2016,5,5.5,11,75,1,4,99.956,286,16.25
Article,2016,7,22,1,104,1,5,98.855,286,17.75
Article,2016,3,13.1,1,87,1,2,99.936,285,29.44
Conference Paper,2016,4,,,37,0,1,91.573,285,20.77
Article,2016,2,22,1,85,1,1,99.629,285,18.32
Article,2016,4,10.1,1,511,1,3,99.517,285,19.7
Article,2016,2,7.3,3,88,0,2,99.539,285,15.51
Conference Paper,2016,4,,,60,1,1,96.69,285,20.99
Conference Paper,2016,6,,,7,1,2,96.946,284,27.56
Article,2016,3,15.6,1,31,1,3,98.945,284,8.55
Review,2016,2,5.4,14,58,1,2,96.688,284,5.6
Conference Paper,2016,6,1.6,40,286,1,4,99.98,284,33.32
Conference Paper,2016,4,1.6,40,20,0,3,95.282,283,23.18
Review,2016,4,,,50,1,3,98.046,283,6.92
Article,2016,5,10.8,1,37,1,5,99.223,283,26.07
Article,2016,6,15.6,1,119,1,6,99.589,283,16.76
Article,2016,3,8.8,1,40,0,2,96.49,282,14.44
Article,2016,4,4.3,7,158,1,2,92.032,282,17.24
Article,2016,12,6.2,4,59,1,17,86.128,281,7.88
Article,2016,2,5.1,1,703,1,4,99.863,281,22.12
Conference Paper,2016,3,,,97,0,2,94.057,281,21.3
Article,2016,11,8.2,5,128,0,6,96.502,281,16.51
Article,2016,4,3.3,4,63,0,5,92.054,281,26.91
Conference Paper,2016,5,,,13,0,3,99.916,280,12.23
Article,2016,3,16.3,1,60,0,2,72.962,280,13.11
Conference Paper,2016,4,10.6,3,45,1,4,99.438,280,49.67
Conference Paper,2016,1,,,27,0,1,95.066,280,37.92
Article,2016,3,4,7,588,0,3,98.176,280,22.02
Conference Paper,2016,20,1,65,10,1,15,99.706,280,16.44
Article,2016,3,5.2,21,69,1,2,95.227,280,13.46
Conference Paper,2016,23,,,82,0,1,43.516,280,21.92
Conference Paper,2016,2,2.8,32,32,0,1,81.309,280,17.46
Conference Paper,2016,5,6,12,213,1,4,99.98,280,26.3
Article,2016,3,8.8,1,13,1,2,96.809,280,17.9
Article,2016,7,12,2,70,1,8,98.473,279,11.83
Conference Paper,2016,4,,,33,0,4,99.916,279,13.6
Conference Paper,2016,2,6,12,63,0,1,92.937,279,27.62
Conference Paper,2016,3,1.4,65,31,1,2,99.902,278,17.96
Article,2016,3,4.1,19,200,0,1,99.681,278,11.82
Article,2016,4,16.3,1,211,0,4,99.799,278,13.64
Article,2016,3,14.6,1,51,1,2,99.956,278,15.49
Review,2016,1,4.2,8,305,0,1,99.192,278,29.17
Article,2016,2,6.8,11,115,0,1,99.748,278,13.22
Article,2016,3,2.3,38,53,0,4,99.654,278,23.75
Article,2016,4,8.6,3,79,0,1,98.225,278,13.21
Article,2016,6,7.2,2,246,0,3,99.925,277,14.67
Conference Paper,2016,10,,,66,1,9,91.766,276,24.29
Article,2016,4,5.2,6,213,1,2,99.855,276,24.04
Article,2016,5,9.1,4,72,0,3,99.859,276,17.02
Conference Paper,2016,3,17.4,1,22,1,3,99.622,276,15.89
Article,2016,2,4.5,10,657,1,2,99.583,276,17.64
Article,2016,4,6,4,280,1,1,99.34,276,20.75
Review,2016,3,16.3,1,57,0,2,98.393,276,8.79
Article,2016,12,4.7,5,52,1,2,71.975,276,23.39
Conference Paper,2016,7,17.4,1,30,1,5,99.733,276,12.42
Conference Paper,2016,4,1.6,40,13,1,3,99.707,275,34.53
Article,2016,3,4.9,17,31,0,1,23.139,275,6.64
Review,2016,1,8.2,1,268,0,1,99.796,275,7.6
Conference Paper,2016,7,,,29,1,3,96.297,274,35.71
Review,2016,10,,,43,1,7,99.795,274,5.96
Article,2016,5,16.3,1,80,0,5,97.395,274,14.16
Article,2016,4,8.7,5,29,1,5,99.731,274,19.31
Review,2016,4,,,169,1,3,99.215,274,8.2
Conference Paper,2016,7,,,314,0,4,99.98,274,22.2
Conference Paper,2016,3,,,59,0,2,99.468,274,27.87
Article,2016,5,8.2,5,72,0,6,99.872,274,11.46
Article,2016,2,4.8,8,184,0,2,99.643,274,16.7
Article,2016,5,10.2,3,46,0,1,99.16,273,7.58
Article,2016,4,9.6,3,104,1,3,99.876,273,15.73
Article,2016,4,16.3,1,80,1,2,98.414,273,19.09
Conference Paper,2016,4,,,45,0,3,99.156,273,33.45
Article,2016,6,,,21,1,2,99.898,273,18.94
Conference Paper,2016,6,17.4,1,43,1,7,98.293,272,13.57
Article,2016,3,6.2,4,285,0,2,24.784,272,12.13
Conference Paper,2016,7,1.6,40,32,0,7,93.633,272,27.77
Article,2016,5,16.3,1,80,1,4,99.507,272,16.57
Conference Paper,2016,5,,,79,0,4,95.974,272,29.19
Article,2016,6,8.2,5,91,0,3,94.99,272,15.88
Conference Paper,2016,5,1.8,35,465,1,2,35.209,271,39.56
Conference Paper,2016,6,17.4,1,32,0,1,96.411,271,12.52
Review,2016,6,5.5,8,179,0,4,98.382,271,6.76
Conference Paper,2016,3,,,21,1,2,99.916,271,19.48
Conference Paper,2016,2,17.4,1,29,1,2,98.045,271,11.15
Article,2016,2,7,3,193,0,2,82.673,271,18.13
Conference Paper,2016,5,17.4,1,31,1,2,99.74,271,15.36
Conference Paper,2016,4,,,44,0,2,95.121,270,16.44
Article,2016,3,16.3,1,38,1,4,99.438,270,16.99
Article,2016,3,5.7,19,100,1,1,99.376,270,10.64
Article,2016,5,3.5,14,31,1,4,99.045,270,21.88
Conference Paper,2016,21,,,0,0,18,93.166,269,30.14
Article,2016,3,6.9,8,136,0,2,98.683,269,14.83
Article,2016,5,5.2,5,59,0,1,95.055,269,20.57
Article,2016,4,4.8,8,78,0,2,99.643,269,12.94
Conference Paper,2016,5,1.6,40,78,0,5,97.449,269,25.59
Article,2016,6,10.2,3,53,0,5,97.174,269,13.69
Article,2016,4,22,1,41,1,1,98.628,268,19.35
Article,2016,4,22,1,77,1,2,97.174,268,22.42
Conference Paper,2016,4,1.6,40,11,1,3,93.53,268,28.98
Conference Paper,2016,3,11.1,1,66,1,1,92.716,268,18.58
Conference Paper,2016,2,4.5,17,21,1,1,99.61,268,33.87
Conference Paper,2016,3,17.4,1,17,1,1,99.74,268,16.31
Conference Paper,2016,3,1.2,53,65,1,3,99.031,268,24.33
Conference Paper,2016,3,,,21,1,3,98.684,267,23.3
Article,2016,2,3,19,50,1,2,96.563,267,25.01
Conference Paper,2016,3,,,60,1,1,60.489,267,18.32
Article,2016,4,16.3,1,78,0,2,99.925,267,13.11
Conference Paper,2016,2,17.4,1,32,1,1,99.998,267,13.89
Article,2016,5,8.2,1,479,0,2,99.204,266,15.53
Conference Paper,2016,6,17.4,1,40,1,5,99.74,266,16.21
Article,2016,5,8,6,139,1,4,92.806,266,14.41
Article,2016,2,10.6,3,59,0,2,98.482,266,19.09
Conference Paper,2016,6,17.4,1,27,1,3,99.74,266,14.21
Article,2016,2,5.3,6,92,0,2,94.64,265,10.09
Article,2016,3,6.2,4,325,0,3,99.945,265,16.05
Conference Paper,2016,3,2.2,50,20,1,1,99.998,265,6.63
Article,2016,3,0.7,63,43,1,1,97.357,265,14.93
Conference Paper,2016,4,,,44,1,2,99.74,264,29.65
Conference Paper,2016,3,,,15,1,1,87.319,264,12.57
Article,2016,2,8.7,5,31,0,1,97.163,264,10.77
Conference Paper,2016,9,1.6,40,24,0,5,96.198,263,30.18
Article,2016,6,6.3,10,52,0,2,95.315,263,8.02
Review,2016,3,6.8,7,132,1,11,90.189,263,6.45
Article,2016,4,16.3,1,69,0,7,96.848,263,13.74
Article,2016,7,14.2,1,41,0,2,39.22,263,11.91
Conference Paper,2016,3,,,83,0,1,98.211,263,27.38
Article,2016,5,9.5,2,48,1,5,99.467,262,23.06
Article,2016,4,16.3,1,61,0,2,97.261,262,14.26
Article,2016,3,17.7,1,27,1,4,99.79,262,14.66
Conference Paper,2016,69,,,43,0,2,99.057,262,21.3
Article,2016,3,9.5,2,28,1,5,99.731,262,17.79
Article,2016,3,7.1,3,105,1,3,99.876,262,17.19
Article,2016,5,4.8,17,137,0,5,97.868,262,14.26
Article,2016,4,7.6,8,158,0,5,95.724,261,9.45
Article,2016,6,14,2,197,1,8,95.734,261,20.97
Conference Paper,2016,5,,,23,1,2,99.797,261,32.55
Review,2016,5,1.3,56,267,1,7,94.183,261,3.83
Article,2016,3,1.9,48,173,0,4,3.973,261,10.08
Article,2016,3,4.3,7,86,0,2,79.235,261,12.87
Article,2016,2,4.3,10,161,0,3,99.833,261,11.88
Article,2016,4,10.8,1,35,1,2,99.558,260,14.66
Chapter,2016,8,1.6,40,139,1,6,92.884,260,55.58
Conference Paper,2016,4,1.6,40,58,0,1,98.84,260,28.49
Article,2016,3,8.2,5,94,0,2,79.194,260,13.23
Article,2016,3,6.4,9,42,1,3,99.716,260,13.45
Article,2016,5,14.6,1,66,0,2,99.956,260,15.06
Article,2016,3,16.2,1,49,1,3,82.944,260,11.9
Article,2016,3,10.8,1,13,0,4,99.556,259,10.93
Article,2016,4,10,3,166,1,4,98.927,259,13.38
Conference Paper,2016,5,,,20,0,1,99.998,259,29.44
Article,2016,5,6.4,9,83,0,4,99.716,259,16.44
Article,2016,4,8,6,54,1,1,99.127,259,15.27
Article,2016,5,8.2,5,127,0,3,99.115,259,13.97
Conference Paper,2016,4,,,33,0,3,99.707,259,23.47
Conference Paper,2016,5,,,53,0,3,99.916,258,25.06
Article,2016,4,8.7,5,27,1,2,95.696,258,10.77
Article,2016,4,6.4,9,46,0,2,99.716,258,15.35
Article,2016,5,4.3,10,138,1,2,99.833,257,14.03
Article,2016,4,6.5,9,70,0,4,99.49,257,14.71
Article,2016,2,9,4,125,0,1,98.855,257,13.8
Conference Paper,2016,3,,,59,0,3,98.785,257,18.15
Article,2016,6,13.1,1,96,0,5,93.708,257,20.01
Conference Paper,2016,8,,,52,0,2,99.998,257,29.01
Article,2016,1,10.6,3,51,0,1,99.318,256,12.59
Article,2016,3,15.6,1,43,1,1,99.333,255,21.42
Conference Paper,2016,4,17.4,1,35,1,2,99.998,255,12.52
Review,2016,3,4.3,7,251,0,1,98.254,255,8.64
Conference Paper,2016,2,17.4,1,25,1,1,97.923,255,16.1
Conference Paper,2016,2,1.6,40,26,1,1,99.707,255,35.25
Conference Paper,2016,5,6,12,26,1,4,96.818,254,17.47
Conference Paper,2016,5,17.4,1,30,1,2,99.33,254,17.78
Article,2016,4,12,2,50,0,2,98.529,254,16.96
Conference Paper,2016,4,11.1,1,35,1,2,86.528,254,19.53
Article,2016,4,6,4,152,1,9,98.65,254,17.78
Article,2016,3,8,6,39,0,2,98.684,254,14.62
Conference Paper,2016,6,,,36,0,2,80.512,254,18.32
Article,2016,7,5.2,8,228,0,2,99.981,254,8.94
Article,2016,7,10.2,3,45,0,5,97.284,254,11.62
Review,2016,6,6.3,10,120,0,8,99.622,254,5.71
Article,2016,5,4.8,20,219,0,4,81.346,253,10.32
Article,2016,4,1.6,48,441,1,6,99.802,253,9.18
Conference Paper,2016,3,1.6,40,19,0,1,98.035,253,22.46
Conference Paper,2016,5,17.4,1,41,0,3,99.629,253,14.94
Review,2016,5,7.4,1,212,1,5,94.493,253,8.13
Review,2016,2,4.3,7,429,0,3,98.254,253,6.21
Article,2016,2,8.8,1,264,0,3,99.946,252,12.48
Article,2016,6,10.1,1,379,0,3,96.107,252,26.3
Article,2016,5,6.1,12,248,0,3,68.118,252,16.77
Article,2016,4,5.7,14,327,1,3,99.911,252,16.59
Article,2016,53,4.7,5,43,1,17,99.805,252,23.56
Article,2016,4,9,4,85,0,1,81.309,252,9.26
Review,2016,9,7.3,3,126,0,5,99.241,251,6.26
Conference Paper,2016,5,17.4,1,27,0,3,99.998,251,14.63
Short Survey,2016,11,9.2,3,264,1,11,96.23,251,5.28
Conference Paper,2016,3,1.4,53,49,1,1,99.685,251,35.13
Conference Paper,2016,6,,,19,0,3,99.733,251,14.45
Conference Paper,2016,5,17.4,1,44,1,6,99.629,251,14.52
Article,2016,5,4.8,17,76,0,3,99.331,251,10.82
Article,2016,3,5.2,5,28,0,5,98.039,250,20.43
Conference Paper,2016,4,1.6,40,15,1,3,99.998,250,20.77
Article,2016,3,11.9,3,263,0,5,99.681,250,11.54
Article,2016,2,10.8,1,97,1,2,93.386,250,14.66
Conference Paper,2016,4,,,18,0,1,99.733,249,28.05
Conference Paper,2016,3,,,44,1,1,94.057,249,15.74
Conference Paper,2016,4,,,33,1,2,99.98,249,27.82
Article,2016,3,12,2,58,0,5,99.036,249,17.8
Article,2016,3,7.6,6,48,1,1,96.378,249,12.75
Conference Paper,2016,7,,,98,1,1,99.748,249,27.12
Review,2016,3,5.4,14,77,1,1,87.597,249,4.18
Article,2016,5,4.9,17,89,0,1,62.726,249,9.14
Article,2016,7,10.8,1,27,1,4,95.607,249,9.37
Conference Paper,2016,2,,,26,0,1,97.726,248,30.08
Article,2016,2,4.2,14,15,0,1,99.731,248,16.7
Book,2016,3,,,70,0,3,99.354,248,13.38
Article,2016,1,6.2,4,263,0,1,96.975,248,15.68
Conference Paper,2016,2,,,119,0,1,96.021,248,24.32
Conference Paper,2016,4,,,13,1,3,99.581,248,22.19
Article,2016,3,22,1,65,0,6,95.872,248,15.82
Conference Paper,2016,5,1.6,40,152,1,2,99.98,248,30.42
Review,2016,2,5.4,14,206,1,1,99.915,248,3.02
Article,2016,5,14.2,1,26,0,2,91.502,248,17.14
Conference Paper,2016,3,1.8,45,14,1,2,99.883,247,44.38
Article,2016,4,9.5,2,32,1,5,99.79,247,17.92
Conference Paper,2016,2,,,17,1,1,99.998,247,16.58
Article,2016,1,8.8,4,36,1,2,94.756,247,11.52
Conference Paper,2016,3,17.4,1,36,0,1,99.385,247,11.89
Conference Paper,2016,4,,,29,0,2,99.916,247,25.92
Article,2016,3,9.7,1,223,1,4,98.287,246,12.21
Article,2016,3,16.3,1,80,0,5,99.386,246,13.22
Conference Paper,2016,3,7.6,9,50,0,1,92.938,246,17.48
Article,2016,3,13.1,1,79,0,1,99.876,246,23.48
Conference Paper,2016,8,9.2,3,40,0,5,99.79,246,44.27
Conference Paper,2016,5,,,20,0,1,98.429,246,35.39
Article,2016,3,3.6,16,88,0,1,99.981,245,8.52
Conference Paper,2016,3,,,35,0,1,93.343,245,23.87
Article,2016,11,17.7,1,114,1,7,99.883,245,14.04
Article,2016,2,5.2,5,23,0,3,98.039,245,17.37
Article,2016,4,3.1,29,142,0,1,90.939,245,16.16
Article,2016,3,10.2,3,43,1,4,93.403,245,14.67
Conference Paper,2016,4,6,7,40,0,3,99.956,244,38.82
Article,2016,4,5.3,2,257,0,3,99.945,244,10.58
Article,2016,5,14.2,1,38,0,3,93.066,244,16.73
Conference Paper,2016,4,1.6,40,24,1,1,97.691,244,23.42
Article,2016,3,7.1,3,45,1,2,93.588,244,16.39
Article,2016,2,5.2,14,205,1,1,95.257,244,13.4
Conference Paper,2016,3,17.4,1,15,1,1,99.998,244,12.63
Article,2016,4,9.5,2,41,1,2,99.212,244,22.3
Article,2016,4,13.1,1,61,0,4,99.876,244,27.9
Article,2016,4,4.2,14,22,0,4,99.731,244,17.43
Article,2016,5,13.1,1,82,1,2,99.879,243,20.59
Article,2016,2,10.2,3,33,1,1,98.529,243,10.54
Article,2016,4,5.9,3,226,0,3,98.531,243,20.12
Conference Paper,2016,7,,,613,0,5,99.519,243,26.16
Article,2016,2,7.3,3,220,0,3,98.475,243,14.93
Article,2016,4,13.1,1,123,0,5,99.876,243,25.59
Conference Paper,2016,5,,,19,0,1,99.409,243,20.35
Article,2016,5,5.1,14,34,0,3,99.359,243,13.57
Article,2016,3,12,2,42,0,2,99.716,242,17.38
Review,2016,15,,,40,1,23,91.054,242,6.3
Review,2016,1,,,46,1,1,99.347,242,5.14
Article,2016,3,14,2,52,1,3,93.995,242,15.39
Conference Paper,2016,5,1.6,40,14,1,1,99.707,242,27.53
Conference Paper,2016,4,17.4,1,30,1,2,99.998,242,10.73
Review,2016,6,,,95,1,2,99.681,241,4.39
Article,2016,4,8.8,1,60,1,2,80.076,241,16.83
Review,2016,8,5.4,14,232,1,1,99.874,241,3.62
Conference Paper,2016,13,11.1,1,30,1,1,75.29,241,21.73
Article,2016,2,5.2,6,185,1,1,99.293,241,14.43
Article,2016,1,4.7,18,38,0,1,99.285,241,9.01
Conference Paper,2016,3,3.5,25,22,0,1,99.057,241,32.5
Article,2016,12,4.7,5,58,1,16,12.494,241,9.39
Conference Paper,2016,3,,,16,0,1,96.394,241,35.81
Conference Paper,2016,4,1.6,40,22,1,2,96.411,241,26.8
Article,2016,2,6.2,4,239,0,2,99.888,240,10.66
Article,2016,4,5.6,5,222,0,2,99.859,240,19.41
Conference Paper,2016,2,1.6,40,17,1,1,99.998,240,19.56
Article,2016,1,0.3,86,17,1,1,96.732,240,4.88
Article,2016,2,12,2,50,0,2,99.716,240,12.04
Article,2016,4,8.7,5,31,0,2,96.334,240,11.99
Conference Paper,2016,3,,,26,1,3,99.294,240,19.2
Article,2016,2,9.6,3,35,1,3,99.334,239,10.87
Article,2016,3,9.6,3,53,0,3,97.336,239,8.6
Conference Paper,2016,2,1.6,40,20,1,1,99.998,239,29.46
Conference Paper,2016,3,,,9,0,1,99.998,239,15.08
Article,2016,4,5.1,14,68,1,2,99.152,239,16.02
Article,2016,4,14.6,1,30,0,2,99.956,239,13.25
Review,2016,1,3.5,14,69,1,2,99.294,239,6.53
Article,2016,3,9.5,5,244,0,2,98.961,238,11.31
Article,2016,14,5.1,9,44,1,10,96.481,238,18.57
Article,2016,6,15.2,1,52,0,3,98.662,238,8.82
Article,2016,2,8.2,1,167,0,2,98.927,238,14.07
Article,2016,2,6,4,109,0,1,99.906,238,22.16
Article,2016,4,5.8,11,222,0,4,27.536,238,12.53
Article,2016,2,4.8,8,177,0,2,99.643,237,11.83
Article,2016,3,6.2,4,250,1,4,99.888,237,7.6
Conference Paper,2016,5,,,43,1,1,86.649,237,28.15
Book,2016,3,,,169,0,3,96.214,237,9.39
Review,2016,2,16.1,1,149,0,1,99.855,237,5.26
Chapter,2016,5,,,90,1,3,99.956,237,58.42
Article,2016,2,9.2,3,89,0,1,99.637,237,13.44
Conference Paper,2016,3,1,46,105,0,1,99.911,237,21.38
Conference Paper,2016,1,,,23,1,1,99.125,237,11.41
Review,2016,1,4.3,7,99,0,1,94.161,237,5.37
Article,2016,5,5.5,6,79,0,3,94.551,237,18
Conference Paper,2016,4,,,42,0,3,99.902,236,28.63
Conference Paper,2016,5,17.4,1,34,1,3,98.628,236,15.68
Article,2016,3,8.2,1,222,0,2,92.092,236,10.09
Article,2016,2,6.2,4,239,1,1,99.888,236,9.43
Article,2016,5,15.2,1,42,0,5,88.912,236,16.77
Article,2016,3,4.9,17,49,0,4,97.673,235,6.12
Article,2016,6,6.4,9,46,0,4,95.187,235,11.66
Conference Paper,2016,4,1.2,53,90,1,9,98.661,235,19.35
Conference Paper,2016,2,,,10,1,2,96.953,235,16.53
Conference Paper,2016,3,,,31,1,3,99.722,235,22.27
Article,2016,3,13.1,1,85,0,2,99.876,235,22.51
Article,2016,6,6.2,4,255,1,4,99.945,235,10.41
Article,2016,9,5.5,14,387,1,6,99.278,235,10.06
Conference Paper,2016,8,,,30,1,2,88.507,235,18.64
Article,2016,1,10.2,3,26,1,2,99.125,235,12.9
Article,2016,5,16.2,1,66,0,2,99.502,234,15.14
Conference Paper,2016,4,,,30,0,1,98.402,234,26.62
Article,2016,3,9.5,2,72,1,2,98.244,234,16.92
Article,2016,3,6,4,324,1,3,99.245,234,13.41
Conference Paper,2016,5,,,29,0,3,99.998,234,33.03